discount_percent,order_value,repeat_purchase,days_between_orders,churn
20,1748.03,1,36,0
30,2228.85,0,70,0
20,2024.84,1,44,0
10,959.74,1,15,0
20,2270.69,1,50,0
40,2014.38,1,38,0
30,1867.31,1,34,0
30,2174.32,1,42,0
20,1811.09,1,43,1
0,1358.5,0,44,0
20,2428.02,1,41,0
20,2384.74,1,38,0
10,2104.25,0,45,0
30,2195.76,1,69,0
10,2299.34,1,43,0
40,2388.37,0,72,0
0,2228.95,1,19,0
10,1798.76,0,49,0
10,2144.6,0,58,0
10,1936.76,1,44,0
20,2400.66,1,35,0
30,1277.73,0,57,1
10,3295.64,1,37,0
20,3151.14,1,36,0
20,2593.02,0,66,1
30,2977.07,1,53,0
20,915.66,1,53,0
40,1621.84,1,64,0
0,2182.91,1,15,0
10,2575.28,1,25,0
10,1793.97,0,51,0
40,1585.99,1,53,0
40,2725.23,0,68,0
20,2294.23,1,25,0
20,2382.1,1,31,0
0,2320.99,1,25,0
30,1037.36,0,68,0
10,2464.43,0,60,0
0,1968.59,1,20,0
40,1540.1,0,83,1
40,2024.14,0,76,1
10,3242.21,1,36,0
20,2397.63,0,53,0
10,3101.09,1,47,0
40,1197.91,1,64,0
30,2034.44,1,46,0
30,1333.67,1,37,0
10,848.25,1,49,0
30,2935.54,1,34,0
30,2549.33,0,53,1
20,2163.26,1,51,0
20,3199.67,1,44,0
30,1630.34,0,79,1
10,2439.74,1,39,0
0,2350.38,0,53,0
40,1186.29,1,57,0
10,3114.4,1,29,0
10,1620.35,0,50,0
30,2131.53,1,65,0
0,3491.0,1,25,0
20,2347.75,0,41,0
20,1929.19,1,41,0
20,2618.5,1,38,0
20,1727.98,1,45,0
30,2085.38,1,52,0
10,2275.5,1,14,0
20,2570.01,0,52,0
0,2510.4,1,38,0
20,2204.06,1,41,0
20,2334.49,0,50,0
0,3213.16,1,40,0
0,2611.63,1,5,0
10,2477.66,1,30,0
30,2820.2,0,66,0
20,1682.67,0,45,0
10,2186.35,1,41,0
20,2007.67,0,38,0
0,2427.09,1,23,0
10,2274.47,1,24,0
20,2509.58,0,58,0
10,2062.97,1,43,0
30,1458.3,1,68,0
0,2437.9,0,29,0
0,1971.65,0,41,0
0,2817.61,1,23,0
40,2206.65,0,58,0
20,1682.68,0,69,0
20,1640.31,1,40,0
20,2257.01,1,40,0
10,2007.13,0,51,0
10,2386.54,1,37,0
10,1300.86,0,38,0
20,2237.99,1,50,0
0,2660.04,1,35,0
30,1610.3,0,56,0
0,2407.44,1,15,0
30,1932.01,0,53,0
30,2598.15,1,57,0
0,2611.47,0,45,0
30,2586.57,1,44,0
10,2864.01,1,25,0
20,2413.4,0,49,0
40,1601.75,1,60,0
20,3281.38,0,55,0
30,1907.63,0,44,0
40,1212.61,0,71,1
10,2156.92,1,21,0
0,3220.97,1,31,0
40,2077.36,1,51,0
0,1267.69,0,40,0
30,3023.1,0,70,0
30,1856.2,0,77,0
0,1689.44,0,51,0
20,2334.53,1,41,0
40,1285.66,1,51,0
0,1134.25,1,33,0
10,2255.33,1,26,0
20,2139.62,1,44,0
40,1465.56,0,75,1
10,2588.51,1,25,0
40,1841.82,0,65,0
20,2565.64,1,49,0
30,2099.43,0,69,1
10,2013.89,0,62,0
30,2207.41,1,56,0
30,2533.18,0,60,0
20,2782.83,0,54,0
20,1858.02,0,75,0
20,2760.16,1,47,0
20,3069.53,1,29,0
20,2095.77,0,68,0
10,2436.7,1,16,0
10,2451.26,1,49,0
40,1869.25,0,67,0
0,1860.42,1,38,0
10,2384.35,1,44,0
10,2765.2,0,57,0
10,2441.33,1,36,0
0,2019.21,1,19,0
20,1543.04,1,41,0
40,1355.29,1,53,1
20,2801.91,0,70,0
30,2958.36,1,38,0
10,1490.14,1,30,0
20,2227.65,1,31,0
20,1525.09,1,40,0
20,2986.16,1,48,0
20,1738.69,0,64,0
20,2016.27,0,58,0
0,2087.58,0,47,0
30,1381.16,0,66,0
10,2759.3,1,33,0
10,1652.56,1,33,0
30,2912.01,0,55,0
20,2318.54,0,48,0
40,2716.66,1,64,0
10,2745.67,1,38,0
30,1596.71,0,61,1
10,2355.48,1,35,0
20,2727.42,1,47,0
20,2465.83,0,60,0
10,2605.03,1,37,0
0,2386.04,1,41,0
10,2947.82,0,40,0
40,1242.02,0,88,1
30,2042.71,0,57,1
10,2593.16,0,62,0
20,3268.92,1,45,0
40,2839.27,1,69,1
20,1492.98,1,28,0
30,1953.39,1,49,0
20,2655.22,1,43,0
0,1267.2,1,55,0
10,2683.84,0,45,0
20,2071.27,0,56,0
10,2398.85,0,65,0
20,2325.13,0,69,0
30,1954.43,0,79,0
40,1591.51,1,59,0
20,2019.35,1,62,0
0,3265.77,1,22,0
40,991.42,1,44,0
20,2714.83,1,36,0
30,2647.56,0,62,0
0,2015.95,0,61,0
20,2052.43,1,44,0
10,1961.77,1,33,0
10,3075.52,1,23,0
30,2605.0,1,41,0
0,2564.47,1,7,0
20,2149.52,1,36,0
20,2324.35,0,70,0
10,2216.5,1,35,0
0,2373.72,1,27,0
30,2299.81,1,58,0
0,2481.41,1,28,0
10,1792.49,1,30,0
10,2321.03,1,54,0
0,2574.55,0,46,0
40,2156.81,0,79,0
0,2553.46,0,32,0
0,2326.08,1,29,0
20,1641.12,1,36,0
0,2157.24,1,34,0
20,2891.29,1,51,0
20,1890.71,1,31,0
40,2059.8,1,60,0
30,1936.79,0,66,0
30,2082.32,1,28,0
0,2795.84,0,37,0
10,2509.17,1,32,0
20,1813.76,0,36,0
40,2003.44,0,90,1
40,1764.26,1,56,0
10,1639.97,0,61,0
10,990.75,1,32,0
30,2079.57,0,72,0
10,2468.97,1,41,0
30,2356.48,0,70,0
10,2245.82,0,51,0
0,3130.31,1,22,0
0,2600.8,1,25,0
0,2974.26,1,24,0
30,1721.21,0,41,0
20,1964.43,1,32,0
20,2728.2,1,36,0
10,1984.42,1,46,0
0,2787.96,1,36,0
30,2590.88,1,60,0
10,3220.66,1,34,0
10,2229.74,1,31,0
10,1251.0,0,44,0
30,1050.84,0,62,0
40,1931.24,1,53,0
0,3078.02,1,18,0
10,2542.04,1,43,0
0,2402.84,0,34,0
10,2099.47,0,52,0
10,2228.05,0,50,0
30,2837.34,0,56,0
10,2349.2,0,42,0
20,1586.67,1,56,0
30,1969.59,1,51,0
30,3175.82,0,57,0
20,2226.15,0,59,0
40,1359.06,1,37,0
0,1580.01,1,17,0
10,1759.98,1,24,0
0,1928.09,0,26,0
10,1770.27,1,38,0
0,2499.69,1,38,0
0,2090.4,1,27,0
10,2785.89,1,47,0
30,2887.06,0,65,0
0,2252.33,1,34,0
0,3138.97,1,37,0
20,1769.88,1,47,0
30,2330.54,1,45,0
10,3184.25,1,36,0
20,3183.05,1,45,0
30,1585.39,0,72,0
10,2874.08,1,30,0
10,2178.41,1,42,0
20,1693.86,1,52,0
20,2220.41,1,33,0
20,1837.78,1,33,0
0,3013.56,1,5,0
40,1632.63,0,63,1
30,3361.0,1,50,0
10,2182.58,1,25,0
0,2409.03,0,54,0
20,2300.66,0,50,0
30,2406.08,0,61,0
20,1373.2,1,40,0
20,1950.83,1,51,0
10,1239.43,0,44,0
40,2305.03,0,76,0
20,2950.17,1,43,1
30,2523.62,1,59,0
0,2803.63,1,36,0
40,1814.81,0,68,0
30,3237.99,0,73,0
10,2381.25,1,47,0
20,2072.18,1,39,0
20,2370.35,1,46,0
10,2436.61,1,38,0
30,2008.33,1,57,0
30,2462.17,1,56,0
20,2140.04,1,29,0
0,3538.83,1,24,0
30,2087.92,0,56,0
20,2476.33,0,56,0
10,3844.58,1,32,0
40,1394.62,1,36,0
20,2650.55,0,50,1
40,1758.71,1,62,0
40,1095.84,1,72,0
20,2278.61,0,64,0
30,2295.75,0,59,0
30,2511.64,1,44,0
20,1566.39,1,41,0
0,2517.03,1,28,0
20,3014.23,0,61,0
30,1468.15,1,63,1
20,2339.08,0,46,0
10,2545.24,0,41,0
10,2410.99,1,28,0
30,3094.77,1,51,0
20,2129.5,1,53,0
30,2702.7,0,76,0
0,1722.03,0,47,0
20,3180.02,1,41,0
10,3278.15,1,48,0
0,3090.44,1,27,0
0,2947.19,0,52,0
20,1815.03,1,42,0
10,2437.97,1,36,0
40,3338.96,0,60,0
20,1045.13,0,68,0
20,2191.96,0,47,0
10,2396.49,1,34,0
20,2111.15,1,28,0
30,3116.42,1,58,0
20,1868.95,1,38,0
10,2344.02,1,17,0
20,2786.82,1,43,0
10,1726.95,1,43,0
20,1691.86,0,64,0
40,2063.53,0,76,1
30,2767.51,0,82,0
20,2297.8,1,48,0
20,2680.27,1,61,0
30,1201.17,1,34,0
30,1752.5,0,58,0
40,2663.62,0,64,1
10,2985.2,1,16,0
0,2668.31,1,33,0
20,1531.34,1,46,0
10,1613.96,0,58,0
30,2237.72,1,52,0
0,2710.09,1,11,0
40,2829.83,1,58,0
20,2295.31,0,60,0
30,1375.11,0,53,0
0,2552.93,1,19,0
10,1689.42,0,64,0
20,2551.15,0,57,0
0,2471.04,1,27,0
0,2359.97,1,30,0
0,1949.93,1,35,0
20,2153.55,1,41,0
10,3763.01,1,39,0
10,2603.38,1,41,0
0,1731.71,0,35,0
20,2168.54,0,52,0
30,1996.71,0,77,1
0,3263.25,1,35,0
20,2348.83,1,47,0
20,1758.86,1,34,0
20,2321.2,0,67,0
30,2325.77,0,75,0
30,1344.73,1,58,0
20,2424.51,1,57,0
20,1777.09,1,42,0
30,1367.84,1,26,0
10,2070.99,1,22,0
10,2706.96,0,56,0
20,2407.58,1,39,0
0,2208.24,0,37,0
30,1627.58,1,43,0
0,2532.15,1,24,0
20,1923.76,1,43,0
10,1860.89,1,42,0
20,2186.83,1,45,0
30,2452.28,0,82,0
20,2186.53,0,63,0
10,2275.38,1,28,0
10,2116.05,1,26,0
30,2857.41,0,64,0
10,3234.22,1,31,0
0,2935.44,1,27,0
20,2458.27,0,58,0
10,2169.1,1,25,0
30,1897.9,1,45,1
10,2391.35,1,43,0
30,2436.69,0,59,0
20,2162.88,1,33,0
10,2952.57,1,46,0
20,2036.36,1,44,0
10,1959.49,0,50,0
20,2073.7,0,58,0
20,2076.64,1,49,0
30,2821.73,1,39,0
0,2879.52,1,16,0
30,2771.42,1,54,0
10,2682.15,1,48,0
20,2535.34,0,44,0
10,2246.57,1,44,0
40,2309.28,1,62,0
20,1895.79,0,59,0
40,1030.09,0,76,0
10,2050.05,0,49,0
10,2070.27,0,39,0
20,2201.6,1,35,0
40,1857.76,0,74,0
20,2246.37,1,46,0
20,1447.98,0,67,0
40,1704.99,1,54,0
30,1331.16,0,77,1
40,1237.4,0,71,1
10,2202.0,1,30,0
0,2032.26,1,36,0
10,1573.56,1,28,0
10,2392.18,0,58,0
40,2764.35,1,66,0
10,1535.55,1,32,0
20,1848.34,1,44,0
0,2827.07,1,11,0
20,1587.92,0,57,0
10,2120.11,1,38,0
40,1736.02,0,81,0
40,2806.38,0,73,0
40,1775.14,1,63,0
40,1309.11,1,54,0
40,2632.48,1,46,0
20,2636.15,0,59,1
0,3186.46,1,26,0
40,1917.91,1,43,0
40,2845.0,0,89,0
10,1869.34,0,45,0
10,1840.23,0,58,0
10,2907.93,0,32,0
10,2427.1,1,33,0
0,3057.92,1,38,0
40,1096.02,0,88,0
10,2024.0,1,44,0
30,2072.07,0,54,0
10,2413.41,1,35,0
10,1714.53,1,52,0
10,2892.76,0,55,0
10,1968.02,0,44,0
30,2852.21,1,65,0
20,3334.16,1,56,0
10,1942.42,1,37,0
40,1751.46,0,53,0
20,2105.55,0,35,0
0,2219.62,0,35,0
10,1866.87,1,32,0
10,1990.44,1,44,0
10,1663.9,1,33,0
40,2025.64,1,64,0
10,1710.75,1,51,0
20,2009.27,0,58,0
20,1443.02,1,49,0
20,2311.09,0,67,1
20,1955.52,0,76,0
40,1232.24,0,86,0
20,900.05,0,56,0
20,1583.6,0,63,0
40,1953.06,1,73,0
0,1739.09,1,52,0
10,1705.49,1,35,0
0,2780.94,1,26,0
0,1339.56,0,46,0
40,1781.57,0,73,1
10,2413.53,1,25,0
10,2262.86,1,33,0
30,2865.86,1,57,0
20,1863.34,1,37,0
20,1632.09,1,35,0
0,2289.18,1,34,0
0,3590.98,1,21,0
40,1359.39,0,75,0
30,1516.08,1,52,0
30,3288.94,1,54,0
10,1770.17,1,20,0
10,2508.74,1,28,0
40,2469.61,1,59,1
40,1923.69,0,82,0
20,1121.86,0,55,1
0,2214.43,1,31,0
30,2076.21,0,55,0
10,2254.22,1,38,0
10,1510.53,0,60,0
20,2161.66,0,75,0
20,2527.79,1,46,0
10,2190.13,0,51,0
30,1733.77,1,48,0
30,2628.35,0,72,0
0,3391.38,1,34,0
0,1673.26,0,38,0
40,1910.46,1,56,0
10,3324.48,1,42,0
20,3245.3,0,72,0
10,2163.52,0,46,0
40,2429.24,1,46,0
30,2395.35,1,41,0
20,1770.24,1,52,0
20,2301.61,0,53,0
40,2314.59,0,73,0
40,1878.41,1,56,0
0,2386.34,1,9,0
40,1189.1,1,56,0
0,2033.43,1,18,0
30,1070.77,0,61,0
0,2563.06,0,56,0
0,2503.5,1,33,0
0,3134.78,1,19,0
0,1794.46,1,28,0
20,1537.01,1,36,0
30,1733.83,1,47,0
10,2323.23,1,28,0
20,2340.33,1,59,0
10,2864.86,0,52,0
0,2297.54,0,40,0
30,1968.29,0,69,0
10,1967.83,1,25,0
30,1173.57,1,51,0
20,2424.35,0,65,0
20,2265.59,1,53,0
40,2334.2,0,72,0
30,1599.05,0,51,0
20,1416.61,0,68,0
20,3087.21,0,56,0
30,1547.37,0,74,0
20,2288.92,0,51,0
0,2014.23,0,32,0
20,2779.19,1,48,0
30,2670.78,0,80,1
0,2666.04,0,36,0
10,904.98,1,45,0
10,2452.39,0,49,0
20,1916.35,0,63,0
0,1883.91,0,55,0
10,1752.42,1,30,0
0,2122.81,0,31,0
20,2725.66,1,39,0
0,2631.11,1,22,0
30,1904.3,0,42,0
20,1885.07,1,51,0
10,2531.98,1,32,0
10,2427.27,1,35,0
40,2242.15,1,74,1
30,1027.56,1,49,0
40,2016.56,1,62,1
0,1876.32,1,19,0
20,2362.78,0,57,0
10,1940.3,0,55,0
20,2809.79,0,68,0
20,1666.58,0,62,0
10,3274.79,1,21,0
0,3157.07,1,30,0
20,1958.95,0,71,0
20,2852.81,0,75,0
0,4410.34,1,45,0
40,2256.1,1,46,0
40,1893.33,0,70,0
40,2089.5,0,76,0
30,2443.72,1,52,0
40,1362.7,0,75,0
20,2783.23,1,48,0
10,2126.08,0,49,0
30,2553.8,0,59,0
10,3079.99,0,54,0
0,2817.09,1,27,0
20,1871.97,0,65,0
0,1628.34,0,35,0
20,2628.01,0,32,0
40,1900.24,0,64,1
10,1539.45,1,34,0
20,2047.58,1,36,0
30,1661.06,0,81,1
20,2643.73,1,52,0
40,1734.08,1,61,0
30,3065.41,0,57,0
0,2529.34,1,29,0
0,1778.57,1,42,0
40,2826.51,1,68,0
20,2975.36,0,62,0
20,2955.11,1,42,0
20,1288.04,1,42,0
30,2111.09,0,50,0
20,1675.49,0,56,0
10,2074.81,0,44,0
0,2258.12,1,26,0
40,2112.78,1,58,0
30,2527.45,0,61,0
20,2448.65,1,32,0
20,1966.54,1,49,0
30,1520.93,1,46,0
30,1890.55,0,59,0
0,2778.1,1,40,0
0,2520.3,1,22,0
10,1604.57,0,56,0
20,2039.56,1,50,0
20,2381.91,1,31,0
20,2673.49,1,31,0
0,2259.24,1,23,0
20,2457.05,1,53,0
20,2506.51,1,39,0
20,2864.05,0,50,0
10,2778.05,1,28,0
20,1552.91,0,56,0
0,3249.85,1,23,0
30,2135.58,0,67,0
40,1823.75,0,79,0
40,2369.03,1,62,0
20,2500.79,1,24,0
30,1999.31,1,57,0
0,2387.35,0,48,0
20,2131.56,1,47,0
0,2062.15,1,30,0
0,2249.02,0,41,0
30,2407.22,0,49,0
40,2229.4,1,62,0
10,2766.3,1,28,0
10,1774.82,0,52,0
20,1730.9,0,62,0
20,2288.86,0,64,0
20,3099.32,1,38,0
30,1699.85,0,65,1
10,2561.03,1,39,0
40,2136.35,1,56,0
30,2859.9,1,50,0
20,2744.99,0,74,0
20,2951.78,1,38,0
40,2996.25,1,59,0
30,1575.24,1,62,0
20,1400.89,1,48,0
40,2414.74,1,52,0
20,1708.89,0,59,0
0,3713.52,1,36,0
30,1650.4,1,44,1
20,2320.89,0,59,0
20,1767.64,1,39,1
20,2073.39,0,60,0
30,1828.99,1,32,0
0,2349.24,1,34,0
40,3201.45,1,54,0
10,2600.8,0,53,0
40,2272.61,1,55,0
10,2990.04,1,38,1
30,2229.14,1,44,0
30,1879.29,1,53,1
20,1952.52,0,65,0
30,1501.22,1,52,0
10,1911.11,1,35,0
10,2249.78,1,38,0
0,2002.51,0,34,0
40,3038.51,1,63,0
0,2791.31,1,25,0
10,2613.49,1,24,0
20,2395.37,1,44,0
40,1846.5,1,78,0
10,2350.18,1,39,0
20,1535.91,1,47,0
40,2370.53,0,73,0
40,995.87,0,89,1
0,2162.76,1,15,0
40,2586.02,0,82,0
0,2781.86,1,23,0
30,2846.2,0,69,0
30,2175.9,1,78,0
40,1426.09,0,77,1
20,3015.83,1,35,0
40,2528.05,1,57,1
10,2440.28,1,21,0
20,2214.14,0,76,0
10,1689.32,1,24,0
0,3215.19,1,31,0
40,1970.67,1,55,0
20,2074.62,1,31,0
10,2379.89,1,38,0
20,2691.04,0,63,0
30,2420.35,0,52,0
0,2460.48,0,45,0
40,2546.31,0,81,0
10,2329.67,0,56,0
20,2555.95,1,36,0
10,2713.85,1,36,0
30,819.19,0,54,0
40,2155.49,0,66,0
0,2130.61,1,33,0
30,2695.3,1,43,0
20,3313.57,1,38,0
0,2102.57,1,34,0
10,2076.4,1,44,0
20,2020.51,1,46,0
40,2882.87,0,77,0
20,1541.01,1,44,0
20,1944.86,0,67,0
20,2060.08,1,46,0
10,2196.7,1,44,0
20,3094.1,1,40,0
40,1833.32,0,74,0
30,2880.33,0,56,0
10,1284.76,1,42,0
20,1915.67,0,64,0
10,1789.91,1,25,0
20,2834.59,0,58,0
20,2499.58,1,29,0
0,3240.55,1,16,0
0,2460.88,1,24,0
30,1340.83,0,72,0
10,1589.35,0,57,0
30,2256.67,1,49,0
10,1753.3,1,24,0
0,2856.39,1,11,0
20,2615.67,0,52,0
30,1986.11,0,71,0
10,2431.08,1,35,0
10,2366.25,0,55,0
20,1910.07,0,58,0
0,2185.02,1,28,0
30,1593.93,0,58,0
30,2070.82,1,52,0
30,1179.06,1,50,0
30,2389.38,1,75,0
30,1399.85,0,63,1
0,2877.56,1,43,0
40,1120.87,0,76,1
30,2538.56,1,79,0
30,3445.33,1,58,0
0,1124.34,0,56,0
30,2766.7,0,70,0
20,1741.61,0,63,0
20,2451.17,1,43,0
0,2042.92,1,21,0
40,3159.11,1,58,0
0,3613.15,0,49,0
30,1665.03,0,64,0
20,1916.95,1,39,0
40,930.27,1,62,1
0,2997.81,1,26,0
20,1667.56,1,34,0
20,3310.48,1,45,0
40,2670.41,1,39,0
10,2432.82,1,38,0
40,1938.62,1,62,1
10,2750.65,1,43,0
20,1815.5,0,64,0
10,2780.11,0,59,0
20,2844.05,1,45,0
20,1912.53,1,48,0
40,1908.53,0,82,0
10,2597.11,1,27,0
20,2138.24,0,54,0
0,2488.98,1,36,0
10,2586.06,1,52,0
0,2274.83,1,26,0
40,2179.65,0,70,1
20,2343.37,1,52,0
10,2292.64,1,36,0
40,2171.99,0,74,0
20,2070.47,1,45,0
0,2658.03,1,20,0
0,2175.71,1,39,0
0,2469.08,0,36,0
10,3147.13,1,51,0
20,2455.94,1,54,0
40,1916.12,0,71,0
20,1801.0,1,50,0
20,2220.73,1,37,0
30,1164.76,1,53,0
20,2295.84,1,35,0
10,1276.46,1,47,0
40,1911.21,1,56,0
10,1478.37,0,45,0
20,1380.69,0,62,0
20,2143.85,1,46,0
40,1264.0,1,67,1
20,1234.91,1,56,0
20,2244.76,0,79,0
0,2597.07,1,25,0
20,2725.29,1,43,0
40,2161.78,1,70,1
20,2195.3,1,39,0
30,450.0,1,48,0
20,1602.65,0,56,0
20,1462.62,1,43,0
30,3516.02,0,58,0
0,2276.43,1,35,0
10,2588.19,1,28,0
20,1706.7,1,39,0
20,2046.09,1,26,0
10,2554.77,0,44,0
30,2381.0,0,66,1
40,2567.92,0,72,0
20,2168.28,0,70,1
30,1667.16,1,53,0
20,1725.33,1,38,0
40,1508.15,1,63,0
40,1463.57,1,65,0
10,2806.25,1,30,0
0,1911.32,0,39,0
40,2487.06,0,71,0
40,1619.29,0,71,1
10,1772.92,1,27,0
10,1863.2,1,44,0
20,2749.57,1,47,0
30,1716.62,1,45,0
30,1424.13,0,82,0
20,2426.49,0,57,0
30,2264.62,1,48,1
20,2447.57,1,46,0
20,1726.46,1,42,0
10,1741.58,1,33,0
30,2509.85,1,45,0
20,2294.48,1,50,0
30,1090.05,0,58,0
20,2308.83,1,33,0
30,2660.92,1,63,0
20,1319.41,1,44,1
30,1972.72,0,60,0
40,1989.04,0,67,0
40,2701.23,1,38,0
20,2788.93,1,45,0
10,1773.47,0,41,0
0,1407.28,1,25,0
20,3019.96,1,43,0
30,1199.45,1,48,0
30,1845.92,1,39,0
20,1840.34,0,61,0
20,2038.95,1,37,0
30,2451.3,1,41,0
10,2557.76,0,44,0
10,2143.61,1,34,0
30,2257.0,0,67,0
30,2479.38,0,57,0
0,2668.03,0,34,0
10,1593.01,0,55,0
30,1387.46,1,49,0
0,2102.1,1,31,0
10,1133.89,1,36,0
20,1890.43,1,42,0
10,2906.66,0,56,0
20,1538.92,1,39,0
30,2239.96,1,43,0
30,1696.01,1,49,0
0,3012.19,1,29,0
0,2073.53,1,37,0
0,2600.99,1,31,0
20,1578.58,1,38,0
30,920.56,0,64,0
0,3414.28,1,18,0
0,1081.89,1,22,0
30,3037.01,1,48,0
30,2149.63,0,43,1
10,3100.37,1,39,0
0,2616.78,1,22,0
0,1813.08,1,19,0
40,1595.9,0,70,0
20,2866.15,1,45,0
0,2922.6,1,30,0
0,2870.46,1,20,0
20,1765.57,1,38,0
10,1922.94,1,18,0
0,2678.99,0,47,0
20,2340.64,0,57,0
20,2060.45,1,34,0
0,2529.94,1,19,0
10,1880.73,0,34,0
20,2308.82,1,44,0
30,2554.05,0,60,0
40,1790.95,1,49,0
40,2399.9,0,79,0
20,2134.79,0,52,0
20,2224.47,0,50,0
10,2137.32,0,32,0
30,2552.01,1,49,0
20,2617.73,1,38,0
20,2990.89,1,51,0
20,2072.43,1,42,0
0,2282.61,1,31,0
40,1977.51,0,80,0
40,1320.56,1,62,1
30,2046.48,1,47,0
20,1928.76,0,59,1
40,1907.61,0,76,0
0,2522.16,0,33,0
20,2412.04,0,59,0
0,2725.92,1,5,0
0,2167.1,1,32,0
0,2504.05,1,26,0
30,2825.91,0,69,0
20,2669.02,0,61,0
20,1483.01,0,60,0
0,1865.55,1,44,0
30,2558.06,1,55,0
10,1292.69,1,38,0
0,1993.11,1,19,0
40,1791.37,1,61,0
10,1702.08,1,36,0
0,2508.59,1,28,0
30,2362.5,1,56,0
20,3214.32,1,34,0
10,2743.77,0,54,0
20,2956.96,0,69,0
30,2073.49,0,74,0
40,2088.2,0,75,0
10,2514.47,0,55,0
10,3262.92,1,41,0
0,2129.0,1,37,0
10,2183.9,1,51,0
10,1736.59,0,50,1
10,2696.41,1,31,0
40,1962.12,1,57,0
10,2251.21,1,33,0
10,2932.62,1,38,0
20,2040.63,0,57,0
40,2111.16,1,58,0
10,2558.81,1,39,0
30,2107.21,0,65,0
10,3162.8,1,27,0
20,2189.42,1,31,0
10,2249.46,1,26,0
30,1465.38,0,81,1
20,3319.89,1,47,0
40,1389.43,0,52,0
10,3527.1,0,66,0
30,1765.34,1,57,0
30,2759.26,1,51,0
0,2479.96,1,33,0
20,2916.26,1,39,0
20,2396.29,1,48,0
40,2234.48,0,67,0
20,1452.08,0,57,0
10,2592.49,1,16,0
0,3703.35,1,40,0
10,1856.63,1,30,0
20,2572.78,1,41,0
20,1800.71,0,52,0
20,1903.71,0,74,0
0,2502.13,1,30,0
10,1657.17,1,46,0
40,2427.62,0,65,0
20,2548.77,1,36,0
0,2385.59,1,25,0
20,2149.72,1,36,0
20,2385.42,1,35,0
10,2483.81,0,51,0
10,2125.09,1,40,0
20,2162.93,0,59,0
30,1409.92,1,42,0
30,2423.9,0,64,1
0,2606.3,1,37,0
20,2449.64,1,45,0
0,2117.32,1,34,0
40,528.61,0,75,1
30,1103.16,1,55,0
30,1917.29,0,67,1
40,1177.02,1,62,0
10,2242.52,1,29,0
0,2468.43,1,23,0
30,1808.83,0,59,0
30,2183.39,1,68,0
20,2458.16,1,46,0
10,2778.69,1,25,0
30,2223.13,0,70,0
0,1554.92,0,41,0
20,2249.02,1,32,0
40,1580.22,1,59,0
0,2795.65,0,50,0
0,1432.1,0,62,0
0,2164.82,1,39,0
30,2012.2,1,63,0
20,2255.93,0,75,0
20,2153.33,1,26,0
20,2175.7,0,51,0
0,2256.72,1,25,0
10,2942.31,1,42,0
0,2557.73,0,44,0
40,1348.38,0,75,0
20,1337.25,1,33,0
20,2580.06,0,47,0
20,1887.16,0,54,0
10,1720.98,0,58,0
40,1471.45,0,63,0
0,2728.01,0,39,0
10,3010.13,1,39,0
30,1777.6,0,62,0
0,2096.96,0,45,0
0,2287.64,1,42,0
40,1579.46,0,66,1
10,1296.59,1,38,0
30,2813.88,1,48,0
10,2809.86,1,50,0
40,2051.94,1,53,1
10,588.37,1,44,0
30,1194.32,1,43,0
20,2786.99,1,40,0
10,2445.0,1,37,0
10,2132.32,1,45,0
10,1400.52,1,59,0
10,4025.32,1,32,0
30,2078.77,1,48,0
0,2100.23,0,46,0
0,1624.12,1,24,0
10,2167.33,1,50,0
10,2127.76,1,45,0
0,2038.94,1,21,0
20,2013.82,1,30,0
30,2329.94,0,67,0
10,1362.46,1,43,0
20,2175.54,1,42,0
20,2511.54,0,53,0
10,1440.71,1,26,0
0,2595.61,1,37,0
20,2310.89,1,46,0
0,2694.4,1,45,0
20,2957.47,1,55,0
30,2471.07,1,56,0
40,2080.02,1,65,0
0,2310.93,0,41,0
30,2015.98,1,47,0
10,2187.69,1,31,0
40,1787.37,0,84,0
20,2777.84,1,42,0
20,1392.75,1,46,0
20,2194.95,1,42,0
20,2260.02,1,48,0
0,2105.83,0,49,0
30,1838.58,1,54,0
30,2739.7,1,58,0
0,2174.77,1,34,0
40,2095.49,0,66,0
30,2817.54,1,54,0
20,1604.96,0,58,0
20,1481.81,1,45,0
10,2429.46,1,44,0
10,1638.51,1,22,0
30,2103.35,1,43,0
20,2090.66,0,45,0
20,1279.03,1,37,0
30,2062.72,0,71,1
20,2247.54,1,37,0
0,2360.69,1,28,0
0,2918.7,0,57,0
0,2329.47,1,28,0
0,2066.06,1,38,0
20,2169.94,1,34,0
0,2436.02,1,39,0
20,2227.2,1,42,0
10,3098.46,1,30,0
20,2897.52,0,69,0
40,2805.04,0,53,0
20,2664.57,1,40,0
10,1273.02,1,42,0
30,2101.21,1,58,0
10,1320.14,1,42,0
0,3004.36,1,9,0
30,1622.91,0,65,0
10,2383.37,0,60,0
20,2340.66,1,38,0
0,2882.17,1,30,0
30,2742.78,1,44,0
20,2238.69,1,50,0
30,2151.53,0,74,0
0,2126.42,1,40,0
10,2788.14,1,40,0
10,2370.41,0,46,0
30,1127.16,0,68,0
40,1351.95,0,73,0
20,2153.04,1,40,0
20,1806.3,0,46,0
0,2704.94,1,24,0
20,2114.71,1,43,0
0,1678.81,0,36,0
10,2602.28,0,46,0
30,2275.87,0,66,0
20,2269.93,1,65,0
40,2152.3,0,57,0
20,1995.73,1,34,0
20,2111.83,1,49,0
20,918.48,0,50,0
10,2476.88,0,57,0
20,2491.05,0,58,0
20,1204.52,1,45,0
0,2090.1,1,32,0
20,2255.4,0,67,0
0,2041.1,1,22,0
20,1719.28,0,70,0
10,2498.15,1,35,0
10,2649.43,1,53,0
20,2283.03,1,29,0
30,1760.02,0,54,0
20,2133.65,0,68,0
20,1936.93,0,68,0
20,2079.99,1,41,0
20,1464.46,1,33,0
20,2221.38,0,53,0
20,1195.07,0,50,0
0,2633.14,0,45,0
0,2496.78,1,27,0
40,2319.91,1,42,0
20,2119.05,0,59,0
30,1512.61,1,56,0
0,2229.72,1,28,0
20,3098.95,0,58,0
20,2922.21,0,55,0
20,1715.0,0,44,0
40,1824.68,1,49,0
0,1423.99,1,32,0
0,1372.57,0,43,0
10,2128.74,1,40,0
20,1984.63,1,37,0
10,885.51,1,33,0
30,1314.6,0,79,0
20,1729.26,0,43,0
30,2176.29,1,62,0
0,1319.24,0,44,0
0,1350.08,0,44,0
20,1636.01,0,57,0
0,2355.37,0,52,0
20,2320.24,1,42,0
20,3087.08,0,67,0
10,3368.35,0,55,1
0,2795.38,1,8,0
30,2561.42,0,58,0
30,2059.47,1,43,0
30,2470.39,1,48,0
10,2573.48,1,20,0
30,2075.8,0,68,1
0,2557.25,1,31,0
20,1525.71,1,49,0
20,2245.96,1,44,0
40,2499.12,0,72,0
10,2537.79,1,35,0
20,2985.71,0,57,0
40,1134.85,0,70,0
20,2177.31,1,49,0
20,2279.51,0,52,0
30,2024.5,1,56,0
30,2165.35,1,40,0
0,2172.74,1,25,0
30,1459.63,0,77,0
20,1622.38,0,59,0
10,2242.22,1,49,0
40,2292.28,1,66,0
20,2798.93,0,48,0
30,2406.98,1,46,0
10,1958.31,1,41,0
30,2450.02,1,42,0
10,938.58,0,44,0
20,1217.51,0,59,0
20,2037.26,1,50,0
30,1529.57,0,65,1
10,2731.05,1,44,0
10,2566.02,1,26,0
0,2243.55,1,27,0
10,2443.59,0,46,0
20,2089.09,1,39,0
20,2323.91,0,47,0
30,2164.76,1,35,0
0,2623.99,1,35,0
10,2697.19,1,52,0
20,2117.03,0,51,0
10,3011.94,1,32,0
40,2345.53,1,67,0
0,3483.99,1,22,0
30,1957.21,0,65,1
30,3346.41,1,53,0
10,2373.23,1,28,0
10,2068.92,1,34,0
0,2336.32,0,59,0
30,3526.29,1,41,0
0,2280.34,1,24,0
20,2258.11,0,52,0
0,1236.28,1,33,0
0,1948.84,0,53,0
40,2864.29,1,54,0
0,3124.09,1,24,0
30,1871.45,0,62,0
20,1802.53,1,47,0
40,2084.07,1,60,0
40,1650.83,0,59,0
20,2706.19,1,36,0
20,1699.72,1,51,0
0,2382.15,1,37,0
40,1714.69,1,65,0
20,2928.11,1,44,0
10,1823.25,0,47,0
40,2274.82,0,69,0
10,3250.99,1,39,0
20,2389.04,1,33,0
20,1388.83,1,33,0
40,2153.24,1,56,0
40,1483.39,0,81,0
20,1427.8,1,42,0
10,2573.13,1,37,0
40,2226.16,0,75,0
30,1739.76,0,52,0
0,2722.63,1,24,0
30,2278.74,1,41,0
30,2497.8,0,58,0
20,2544.03,1,46,0
30,1776.6,1,40,0
0,1782.36,0,33,0
30,2495.62,1,41,0
40,2079.86,1,57,0
40,2424.03,0,58,0
10,2342.01,0,64,0
20,1576.66,0,52,1
20,2759.64,1,31,0
0,3020.59,1,11,0
30,1648.18,1,51,0
40,1931.55,0,72,0
10,1881.46,1,34,0
20,1824.52,0,47,0
10,2245.87,1,28,0
20,1560.53,1,36,0
0,2942.76,1,27,0
30,1671.3,0,56,0
30,2251.47,1,62,0
40,2496.7,0,68,1
20,2729.76,1,33,0
20,2422.52,1,17,0
40,2256.41,1,50,0
40,1996.02,1,56,0
0,2850.79,1,30,0
10,2083.32,1,44,0
20,2348.5,1,38,0
0,2583.09,1,31,0
0,2388.16,1,34,0
20,1124.86,1,45,0
20,1439.65,0,66,0
30,1882.58,1,34,0
20,1963.96,0,56,0
20,1882.94,0,52,0
0,2136.44,1,41,0
20,2791.01,0,51,0
10,2272.98,1,21,0
0,2213.72,1,24,0
0,2598.63,1,21,0
10,2880.83,1,48,0
0,2363.73,1,15,0
20,2267.49,0,62,0
20,1965.07,1,43,0
10,2818.67,1,34,0
10,2622.96,1,28,0
20,2671.9,0,81,0
20,3092.07,1,41,0
30,2384.01,1,48,0
20,2221.02,0,77,0
30,2100.41,0,72,0
30,2299.67,1,63,0
0,2260.56,0,36,0
40,1906.56,0,64,0
30,1715.24,1,55,0
20,1370.9,1,51,0
20,2154.31,0,51,0
40,1975.27,0,77,0
20,1608.77,0,55,0
10,1791.91,1,28,0
30,2532.98,0,64,0
10,2141.32,1,46,0
40,2740.62,1,55,0
20,2504.89,0,58,0
0,2179.75,0,29,0
40,1748.17,1,63,0
20,1802.51,1,56,0
0,1880.23,1,31,0
20,2365.69,1,49,0
40,1831.62,1,61,0
10,2216.43,0,62,0
20,1649.74,0,55,0
0,1447.28,1,24,0
10,1490.2,1,42,0
20,2575.78,0,53,0
30,1190.08,1,53,0
0,2207.45,1,35,0
0,2098.06,1,31,0
10,2534.22,1,40,0
40,2209.49,0,72,0
40,1266.67,0,80,1
0,2727.94,0,34,0
20,1725.0,1,51,0
10,2160.39,0,57,0
20,2204.43,1,31,0
40,2161.53,0,77,0
40,1313.57,0,62,0
30,2876.98,1,39,0
20,3023.29,1,35,0
30,2431.48,1,49,0
20,2862.16,0,46,0
10,2452.29,1,41,0
20,1606.31,0,65,0
0,2659.46,0,24,0
30,3064.27,1,58,0
0,1908.5,1,20,0
10,2144.57,1,39,0
30,1837.73,1,37,0
20,2434.89,1,43,0
40,1931.77,1,58,0
10,3209.97,0,47,0
0,2311.33,0,25,0
10,2138.91,1,48,0
0,2589.09,1,50,0
20,2180.76,1,45,0
20,2074.73,0,66,0
0,2670.07,1,20,0
30,3082.17,1,46,0
10,2218.64,1,30,0
40,1668.23,1,52,0
10,3010.84,1,47,0
40,2545.98,1,55,0
10,2039.51,1,37,0
10,2603.04,1,27,0
10,2578.27,1,30,0
20,2143.62,0,51,0
30,2010.97,1,48,0
40,1201.53,1,41,0
20,2831.69,0,57,0
30,1524.51,1,54,0
0,1785.47,1,17,0
30,2709.73,0,72,1
0,723.03,0,45,0
40,2683.08,0,71,0
20,1949.26,0,65,0
0,1703.66,1,42,0
10,2103.72,1,29,0
0,2083.69,1,27,0
30,1815.4,1,57,1
20,2059.71,1,32,0
40,1754.23,0,76,0
20,2611.63,1,45,0
40,3028.94,0,80,0
40,1779.31,0,79,0
0,3311.11,1,33,0
20,1919.12,1,39,0
10,2709.85,0,56,0
40,1812.94,0,73,0
10,2283.8,1,33,0
30,2575.14,0,61,0
40,1371.84,0,73,1
20,1539.11,0,62,1
0,2025.44,1,29,0
30,2580.63,1,60,0
20,1927.16,1,38,0
10,2541.04,1,37,0
40,2723.06,0,65,0
20,2320.01,0,60,0
30,2980.35,1,45,0
20,1602.55,1,54,0
30,2138.98,0,70,0
30,2229.15,0,64,0
20,1857.9,1,48,0
20,2068.32,1,63,0
30,1960.54,1,66,0
40,1486.66,1,46,0
10,2531.06,1,34,0
0,2932.3,1,25,0
30,925.74,0,64,0
40,1479.96,0,74,0
20,2262.59,1,59,0
10,1106.0,1,32,0
10,1852.62,0,64,0
20,2088.89,1,42,0
20,1802.11,1,35,0
20,1658.41,1,38,0
20,2274.21,1,38,0
20,2668.91,0,54,0
30,2341.25,0,66,0
10,3077.73,1,51,0
30,1440.04,0,76,0
20,2832.71,1,45,0
0,1520.11,0,34,0
10,450.0,1,56,0
30,2187.6,1,39,0
20,450.0,1,41,0
20,2259.95,1,42,0
20,1330.79,1,46,0
10,2541.41,1,34,0
40,2566.08,0,60,1
10,2619.73,1,44,0
10,2169.72,1,32,0
0,2022.42,1,32,0
20,2287.25,1,60,0
40,2928.05,1,63,0
30,2445.62,0,65,0
20,2529.65,1,31,0
30,2171.75,1,50,0
20,2847.66,1,43,0
40,1889.64,1,64,0
30,2585.12,1,47,0
40,2595.39,1,58,0
40,1587.56,0,65,0
10,1715.93,1,32,0
20,2055.82,1,35,0
20,2186.86,0,77,0
20,1554.03,1,39,0
30,1470.91,1,58,0
20,2349.09,1,43,0
20,3432.46,0,49,0
10,3063.36,0,40,0
10,2213.33,0,45,0
0,1642.0,0,26,0
20,2124.84,0,63,0
40,2363.55,1,48,0
30,2669.89,0,69,0
20,2440.55,1,43,0
30,2249.34,1,50,0
30,2149.18,1,55,0
40,1950.82,0,81,0
20,1948.48,1,43,0
30,2566.51,1,48,0
30,1446.9,1,64,1
40,2799.6,0,63,0
40,1632.86,0,64,0
30,1520.62,0,80,0
10,2098.91,1,29,0
40,1531.17,1,63,0
10,2771.38,1,46,0
0,2730.01,1,38,0
10,2439.29,1,23,0
20,2253.18,0,58,0
0,3015.66,1,30,0
10,1805.3,0,39,0
20,1601.47,1,38,0
0,1639.18,1,34,0
40,2088.66,0,68,1
20,1870.88,0,62,0
0,2465.67,1,41,0
0,3400.4,1,15,0
30,2010.74,1,48,1
0,1894.72,0,49,0
10,2156.24,1,30,0
0,2341.91,1,20,0
20,2709.57,1,40,0
0,2132.2,1,27,0
30,1939.99,1,56,0
40,2202.76,1,42,0
40,1122.74,0,79,1
20,1419.9,1,49,0
20,2471.1,0,45,0
30,2498.87,0,50,0
30,1476.39,1,55,0
40,3128.58,0,89,0
20,2333.54,0,68,0
20,1905.01,0,69,0
0,2311.53,1,8,0
30,2499.88,0,59,0
10,2785.7,1,40,0
20,1849.02,0,50,0
30,1755.62,0,71,0
10,2809.01,0,54,0
10,2245.27,1,38,0
10,1520.79,0,46,0
10,1923.62,0,49,0
30,1968.5,0,49,1
10,1357.26,1,41,0
10,2769.36,1,25,0
10,2917.36,1,20,0
20,2473.3,1,44,0
30,3112.68,0,80,0
20,2702.61,0,44,0
0,1653.02,1,41,0
20,3134.55,1,43,0
0,1760.53,1,14,0
10,1786.9,0,55,0
30,1897.01,1,37,0
30,1697.66,1,44,0
20,1978.8,1,22,0
20,2621.52,1,49,0
10,2226.01,1,48,0
40,1489.05,0,62,1
10,3110.85,1,26,0
40,2128.67,0,93,0
30,2516.54,0,65,0
0,1905.57,1,27,0
0,2384.7,1,33,0
30,2011.43,0,52,0
30,1653.62,0,58,0
30,1646.36,1,52,1
10,3528.31,0,45,0
40,2551.9,1,53,0
40,1028.12,0,73,0
20,2489.74,1,41,0
30,2236.05,1,68,0
30,1044.3,0,66,0
0,2925.91,1,32,0
20,2514.88,0,48,0
0,2199.62,0,40,0
20,2041.23,1,29,0
30,1443.31,0,64,0
20,2383.48,1,34,0
20,1881.47,1,39,0
0,2373.61,1,25,0
30,2544.08,0,61,0
20,3138.5,1,45,0
10,1687.86,0,56,0
0,2184.66,0,49,0
40,1793.37,0,85,1
30,2424.64,1,28,0
0,2255.0,0,55,0
20,2471.23,1,44,0
20,1177.96,1,40,0
30,1961.85,1,44,0
10,2020.69,0,52,0
40,1602.04,0,77,0
0,2293.67,1,26,0
40,1096.06,0,69,0
10,1114.66,0,57,0
0,2794.04,1,30,0
20,2597.01,1,42,0
20,1631.88,0,42,0
30,2486.76,1,41,0
0,2620.78,0,50,0
10,2081.88,1,35,0
30,1915.76,1,43,0
20,2550.21,0,59,0
20,2646.43,0,60,0
40,1807.15,0,82,0
30,1928.83,0,66,0
30,1420.56,0,70,0
30,2256.55,0,77,0
40,1798.28,0,77,0
0,2505.44,1,38,0
0,2256.52,1,35,0
30,1818.8,0,61,0
0,2786.53,1,18,0
30,2060.59,1,54,0
0,3101.49,1,25,0
10,2480.47,1,23,0
10,3344.97,1,38,0
30,3158.52,1,55,0
0,2852.13,1,27,0
0,2546.94,1,28,0
40,2277.7,1,60,0
20,2433.64,0,72,0
30,1529.78,0,67,0
20,1892.2,1,33,0
20,2337.56,1,37,0
30,2162.71,0,77,0
0,3103.61,1,11,0
0,3001.7,1,26,0
10,2777.99,1,33,0
40,1367.44,0,72,1
0,2638.58,1,21,0
30,1987.91,0,47,0
20,2255.83,1,31,0
10,2101.57,1,37,0
10,1964.8,0,54,1
10,2160.89,1,40,0
0,2149.87,1,37,0
40,1694.09,0,80,0
30,2592.52,0,55,0
40,1687.1,1,46,0
40,3257.79,0,84,0
30,2446.26,1,41,0
0,2597.03,1,40,0
10,3493.27,1,25,0
20,2176.26,0,56,0
0,1819.97,1,32,0
0,2377.96,1,25,0
30,1992.04,1,56,0
10,1729.01,0,51,0
40,1868.03,1,66,0
20,2332.48,1,38,0
10,2766.86,0,49,0
30,1312.11,0,69,0
10,1624.06,1,28,0
10,1532.77,0,43,0
0,2118.89,1,35,0
10,1241.64,1,23,1
20,2150.48,0,65,0
0,2012.8,0,33,0
30,2971.44,1,55,0
0,1341.32,0,46,0
20,2725.42,1,45,0
20,1648.25,0,57,0
40,1203.1,0,52,0
20,2151.04,0,63,0
20,1935.39,1,34,0
40,2104.17,0,68,0
30,1036.91,0,68,0
10,2263.19,1,35,0
40,1620.2,0,59,0
30,2347.48,0,64,0
10,3425.77,1,43,0
30,1777.28,1,32,0
10,3101.45,1,29,0
30,1669.07,1,60,0
0,2381.87,1,23,0
30,2220.33,0,82,1
20,1868.98,1,44,0
30,2133.01,1,53,0
20,3058.83,1,48,0
20,1945.69,0,54,0
40,2263.05,0,64,0
30,1693.48,1,48,0
30,1687.02,0,55,0
20,2250.62,1,36,0
0,2172.61,0,43,0
30,547.86,0,60,0
0,2047.84,1,29,0
30,2949.98,0,80,1
20,941.58,0,49,0
20,2318.12,1,25,0
10,3200.28,1,38,0
40,2003.48,1,57,0
10,1613.03,0,37,0
0,2181.06,1,30,0
30,1611.6,0,62,0
0,3319.54,1,18,0
30,2585.9,0,65,0
30,3146.53,1,46,0
20,2386.42,1,63,0
20,2318.73,1,47,0
30,2395.18,1,55,0
10,2174.86,1,21,0
10,2515.33,1,25,0
20,1887.4,0,57,0
0,1249.82,1,33,0
10,2338.77,0,38,0
20,1743.88,1,53,0
10,2237.16,0,54,0
40,2303.9,0,64,0
0,1635.73,1,20,0
30,1588.16,1,56,0
0,2155.5,0,47,0
0,2398.73,1,41,0
10,2370.29,1,37,0
10,2536.88,1,37,0
40,1436.17,0,63,1
10,2885.63,1,54,0
20,2617.41,0,52,0
20,2806.31,1,41,0
30,1916.49,0,77,0
20,1624.23,0,55,0
30,3213.55,1,42,0
10,2424.14,0,51,0
10,1723.15,1,20,0
20,3176.07,1,31,0
20,1964.87,1,34,1
0,2581.67,1,38,0
30,1428.77,1,45,0
40,2101.33,0,59,0
30,2359.69,0,53,0
40,1634.85,0,74,0
0,2669.17,1,36,0
20,2546.09,1,55,0
0,2835.32,1,10,0
20,2276.86,1,52,0
20,1448.92,0,79,0
20,2730.41,1,44,0
40,2708.61,0,72,0
10,1738.15,0,55,0
10,3383.5,1,42,0
30,2741.9,0,54,0
20,3093.33,1,51,0
40,2558.33,1,46,0
0,2639.59,1,34,0
40,2086.55,1,47,0
0,1968.26,1,25,0
30,1311.12,0,78,1
40,2403.57,0,71,0
0,2186.4,1,25,0
0,2013.13,1,8,0
40,1537.06,0,76,0
30,2401.93,1,41,0
0,2289.51,1,31,0
30,2331.1,1,48,0
30,1832.77,1,51,0
30,1830.03,0,63,0
30,2336.92,1,41,0
30,2091.97,0,73,1
20,2106.49,1,32,0
10,3042.37,1,39,0
20,2745.47,0,69,0
20,2256.54,1,31,0
20,2348.23,0,59,0
0,2711.62,1,24,0
10,1913.06,1,33,0
10,1858.71,1,20,0
10,1909.0,0,63,0
40,1251.96,1,56,0
30,1772.83,1,65,0
20,2160.91,1,43,0
0,1327.33,1,23,0
20,2162.29,1,56,0
10,1482.6,1,20,0
10,3064.82,1,36,0
40,1851.05,0,70,0
40,2218.03,0,65,1
10,1930.78,1,31,0
0,2439.53,1,30,0
10,2002.35,0,49,0
20,1868.91,1,45,0
40,2348.82,0,70,0
10,1878.81,0,45,0
0,2866.49,1,25,0
0,2901.86,1,26,0
30,1120.85,0,59,0
0,2577.53,1,26,0
20,2553.96,0,61,0
40,1787.34,0,77,0
20,2082.79,1,47,0
30,1768.61,1,45,0
20,1734.47,0,49,0
30,1477.75,1,49,0
20,2119.0,0,56,0
40,1615.39,1,63,0
30,2775.35,1,44,0
30,2429.19,1,55,0
10,1597.08,1,47,0
40,2732.2,0,76,0
10,2505.37,1,24,0
40,2055.24,0,79,0
40,1534.52,1,44,0
20,2482.17,1,41,0
0,3314.49,1,22,0
10,2190.26,0,57,1
40,1447.16,1,62,0
30,1840.21,1,48,0
30,1602.89,1,50,0
30,1604.91,0,69,0
20,2205.17,1,34,0
10,2853.49,1,35,0
20,2113.5,1,47,0
10,1071.44,0,53,0
40,2168.28,0,79,1
0,3104.91,1,11,0
10,3016.76,1,37,0
20,2328.98,1,40,0
20,2107.54,1,36,0
10,2297.58,1,24,0
10,1735.5,1,33,0
30,2093.4,0,70,0
0,2617.06,1,20,0
10,1726.53,1,41,0
0,1736.01,0,52,0
40,2566.57,1,56,0
10,2542.9,1,48,0
10,1337.31,0,64,0
20,2164.49,0,72,1
10,2329.22,0,43,0
0,2336.12,1,22,0
10,2548.46,1,42,0
20,2057.43,1,56,0
20,2747.11,1,52,0
30,2010.45,0,69,0
30,2833.16,1,52,0
20,2292.44,1,47,0
10,2624.26,1,40,0
0,1896.34,1,28,0
10,2625.63,1,47,0
40,2603.81,1,60,0
40,2422.21,0,76,0
20,1335.44,0,58,0
0,2677.77,1,10,0
0,2643.57,0,41,0
0,1603.69,1,28,0
20,2547.07,0,59,0
20,1962.38,0,62,0
40,1564.08,0,67,1
40,1107.86,1,52,0
40,1983.78,0,87,1
10,1556.0,1,35,0
40,2035.47,1,44,0
0,2259.81,0,43,0
20,1960.91,1,44,0
40,1724.2,1,65,0
20,2613.51,1,60,0
10,2889.75,1,27,0
40,2659.17,1,52,0
20,2219.33,0,58,0
0,2646.95,1,28,0
10,2380.66,1,28,0
30,2028.94,1,69,1
20,1979.44,1,40,0
10,1610.56,1,26,0
20,2103.67,0,67,0
30,2343.46,1,40,0
20,1991.46,1,49,0
0,1515.07,1,17,0
20,2608.86,1,24,0
40,1658.23,1,55,1
20,2875.89,0,54,0
20,2123.91,1,38,0
30,2306.68,0,68,1
20,2042.9,1,56,0
20,2509.99,0,69,0
20,2949.02,1,46,0
10,2103.88,1,40,0
30,1806.61,0,67,1
20,2789.32,1,50,0
10,2829.83,0,54,0
20,2313.28,1,35,0
0,1880.35,1,37,0
40,1909.18,0,71,0
10,2695.41,0,27,0
30,1706.99,1,51,0
10,2248.99,1,25,0
10,2037.21,1,44,0
30,2099.54,1,37,0
30,2007.47,0,54,0
0,2970.25,1,27,0
0,1618.93,0,35,1
40,1290.65,0,70,1
30,2313.58,1,47,0
0,2984.16,1,31,0
20,1578.72,0,75,0
10,2385.06,1,38,0
20,1985.15,1,42,0
30,1834.22,0,81,0
40,1815.61,0,70,0
30,2535.4,0,71,0
0,2461.27,1,8,0
20,2339.46,1,38,0
10,1310.83,0,56,0
10,2124.12,0,56,0
10,1896.38,1,30,0
10,2100.48,0,44,0
0,2508.14,1,27,0
10,3004.76,1,45,0
30,1425.98,0,56,1
20,1958.67,0,65,0
10,2942.42,1,23,0
10,1649.26,1,29,0
20,924.93,1,51,1
10,1545.11,1,32,0
20,2543.39,1,45,0
30,2293.66,0,61,0
0,1619.82,1,37,0
10,2752.31,1,26,0
30,2042.91,1,46,0
40,1521.51,0,68,1
30,2382.9,0,56,0
0,2374.35,1,20,0
30,2800.46,1,46,0
40,2199.13,1,57,0
30,1239.65,1,59,0
20,1569.9,0,44,0
20,2398.02,1,41,0
20,2828.86,1,45,0
0,2189.35,0,43,0
40,1880.67,1,50,0
20,2024.49,1,51,0
20,2094.54,1,35,0
30,1425.9,0,70,0
20,1904.35,0,57,0
20,1803.83,1,39,0
10,2234.36,1,32,0
10,2835.07,1,39,0
30,1796.43,0,68,0
40,2259.44,1,72,0
30,3217.34,0,73,0
40,3273.36,0,80,0
40,839.97,0,80,0
10,2374.53,1,31,0
20,1441.02,1,47,0
0,2351.21,1,33,0
10,1593.58,1,28,0
0,2171.48,1,21,0
20,2029.55,0,48,0
30,2443.14,0,56,0
0,2469.4,1,38,0
0,2722.53,1,8,0
20,2173.03,1,40,0
30,1931.97,1,44,0
30,2474.72,0,67,0
40,990.51,1,43,0
30,2266.07,1,56,0
0,1967.3,1,25,0
0,2787.7,1,24,0
20,2580.88,1,49,0
40,1845.45,0,65,1
30,1936.7,1,47,0
20,2338.55,1,26,0
0,2606.65,1,29,0
20,2252.97,1,38,0
20,1001.11,1,60,0
0,1713.04,0,56,0
40,2629.6,0,78,1
20,1485.95,1,71,0
30,2084.65,1,37,0
20,2850.2,1,61,0
10,1814.07,1,54,0
20,2546.4,0,54,0
40,2300.13,1,64,0
10,2322.99,0,39,0
30,1530.04,1,58,0
40,1441.93,0,93,0
40,1858.3,0,77,1
20,2685.99,0,49,0
30,2420.38,1,22,0
10,1835.2,1,36,0
20,1146.11,1,49,0
20,1608.85,1,50,0
10,2617.06,0,45,0
10,2278.02,1,17,0
20,2456.54,0,48,0
10,1606.88,1,32,0
30,2589.81,1,62,0
10,1938.02,0,45,0
10,2118.23,1,46,0
10,1589.95,1,52,0
30,2034.17,0,55,0
20,1688.51,1,44,0
40,2301.89,0,66,1
10,3011.6,1,40,0
40,1810.59,0,77,0
30,519.4,0,64,1
10,1724.65,0,58,0
30,2225.54,0,52,0
20,2768.38,1,36,0
30,2886.66,1,56,0
30,2252.58,1,51,0
20,2096.11,1,55,0
10,2203.79,1,35,0
40,1918.89,0,56,0
40,1383.84,0,73,0
30,1630.21,1,43,0
10,1665.68,1,46,0
10,3277.35,0,42,0
30,1577.51,1,54,0
0,2533.92,1,27,0
20,2193.14,1,50,0
20,2635.68,1,51,0
20,2597.87,0,52,0
20,2803.91,1,30,0
10,2598.52,0,71,0
10,2110.43,1,50,1
10,2202.96,0,65,0
30,1510.07,0,66,0
20,2180.82,1,54,0
0,2386.9,1,23,0
0,2140.8,1,34,0
10,1963.09,0,55,0
30,2216.86,0,76,1
20,1847.24,1,63,0
10,2702.65,1,41,0
30,2249.21,0,59,0
30,2232.02,1,36,0
0,2530.36,1,19,0
30,957.08,0,51,0
20,2077.23,1,55,0
0,2004.84,0,40,0
20,2388.58,1,42,0
30,2729.12,1,67,0
10,2878.47,0,48,1
30,3381.87,1,42,0
30,1279.58,0,64,1
20,1145.59,1,52,0
40,2476.06,1,60,0
30,1469.83,1,73,0
20,3041.47,1,40,0
20,2246.61,0,50,0
20,2335.95,1,41,0
0,2674.35,1,40,0
20,2225.64,1,40,0
40,1690.36,0,80,0
20,2028.03,1,28,0
10,3384.8,1,32,0
30,2094.13,0,65,0
10,2973.15,1,21,0
20,3082.66,0,64,0
30,2085.27,0,70,0
30,2674.32,1,48,0
20,2818.72,1,39,0
30,1821.41,1,62,0
40,2001.09,0,77,1
0,2041.48,1,35,0
40,2204.23,1,69,0
40,1313.05,1,52,0
40,1779.55,0,69,1
20,2414.68,1,40,0
20,2819.78,1,38,0
20,1978.16,0,63,0
10,2188.58,1,32,0
30,1104.03,0,57,0
0,1156.46,1,38,0
20,2776.5,1,39,0
20,2183.25,1,52,0
10,1388.45,1,37,0
0,1776.27,0,43,0
10,2611.05,0,44,0
20,1889.14,0,63,1
10,2842.81,1,41,0
20,2319.59,0,68,0
20,1998.5,1,33,0
30,1670.93,1,42,0
10,1387.69,1,45,0
40,1720.57,0,71,0
40,1833.89,0,71,0
30,1931.23,1,53,0
40,1406.0,1,55,0
30,2278.87,0,64,1
20,1903.43,0,55,0
20,1868.51,1,48,0
30,2470.05,0,39,0
30,2088.23,0,68,0
20,2453.34,0,57,0
0,2606.93,1,42,0
30,2252.08,0,82,0
20,1791.19,1,45,0
20,3407.48,1,49,0
20,2314.75,1,63,0
30,1672.9,0,66,1
